01,000001,AZIENDALE,12345678901234567
01,000101,TELECOM BRESCIA,12345678901234567
01,000102,TELECOM CESANO BOSCONE,12345678901234567
01,000103,TELECOM LECCO,12345678901234567
01,000104,TELECOM MILANO,12345678901234567
01,000105,TELECOM MONZA,12345678901234567
01,000106,TELECOM SONDRIO,12345678901234567
01,000107,TELECOM PAULLO,12345678901234567
01,000111,ALFA LANCIA,19990501163241310
01,000201,MILANO,12345678901234567
01,000202,TORINO,12345678901234567
01,000301,SESTO S.GIOVANNI,12345678901234567
01,000401,MILANO,12345678901234567
01,000501,ENEL,12345678901234567
01,000601,ENI,12345678901234567
01,000701,ARCORE,12345678901234567
01,000702,BOLZANO,12345678901234567
01,000703,DIGE,12345678901234567
01,000704,BRUGHERIO,12345678901234567
01,000705,SSG,12345678901234567
01,000706,TAVAZZANO,12345678901234567
01,000707,VOBARNO,12345678901234567
01,000708,VILLASANTA,20010307160626160
01,000801,MILANO,12345678901234567
01,000901,MILANO,12345678901234567
01,000902,TORTONA,12345678901234567
01,000903,RODANO,12345678901234567
01,001001,GRUPPO TELECOM,19991215152446060
01,001101,GRUPPO DI VAREDO,12345678901234567
01,001102,GRUPPO SNIA SEDE,12345678901234567
01,001201,GRUPPO COMO,12345678901234567
01,001301,GRUPPO DI PAULLO,12345678901234567
01,001401,GRUPPO LODI,12345678901234567
01,001402,GRUPPO MILANO,12345678901234567
01,001403,GRUPPO ORZINUOVI,12345678901234567
01,001414,FAMIGLIA CRISTIANA,20000125135840640
01,001501,UNIVERSITA MILANO,19990501175812500
01,001601,ACCIAIERIE DI BOLZANO,19990501162248000
01,001701,BUSSERO,20000412091739450
01,001801,GRUPPO SACRA FAMIGLIA,12345678901234567
03,000003,BERGAMO,12345678901234567
03,000006,PARROCCHIA DI ALBEGNO,12345678901234567
03,000008,PARROCCH.ALZANO LOMBARDO,12345678901234567
03,000009,PARROCCHIA ALZANO SOPRA,12345678901234567
03,000011,PARROCCHIA DI ARCENE,12345678901234567
03,000015,PARROCCHIA DI ARDESIO,12345678901234567
03,000033,PARROCCHIA DI BOCCALEONE,12345678901234567
03,000035,PARROCCH.DI BONATE SOTTO,12345678901234567
03,000036,PARROCCH.DI BORGO PALAZZO,12345678901234567
03,000037,PARR.DI BORGO S.CATERINA,12345678901234567
03,000057,PARROCCHIA DI CARENNO,12345678901234567
03,000060,PAR.CAROBBIO DEGLI ANGELI,12345678901234567
03,000079,PARROCCHIA DI CASTRO,12345678901234567
03,000081,PARROCCHIA DI CELADINA,12345678901234567
03,000091,PARROCCHIA DI CHIUDUNO,12345678901234567
03,000095,PAR.DI CIVIDINO QUINTANO,12345678901234567
03,000096,PARROCCHIA DI CLUSONE,12345678901234567
03,000100,PARR.DI COLOGNO AL SERIO,12345678901234567
03,000105,PAR.CORNALE DI PRADALUNGA,12345678901234567
03,000115,PARROCCHIA DI CURNASCO,12345678901234567
03,000117,PARROCCHIA DI DALMINE,12345678901234567
03,000126,PARROCCH.FIORANO AL SERIO,12345678901234567
03,000132,PARROCCHIA DI GAZZANIGA,12345678901234567
03,000141,PARROCCHIA DI GORLE,12345678901234567
03,000142,PARROCCHIA DI GORNO,12345678901234567
03,000150,PARROCCHIA DI LALLIO,12345678901234567
03,000155,PARROCCHIA DI LEFFE,12345678901234567
03,000166,PARROCCHIA DI LORETO,12345678901234567
03,000173,PARROCCHIA DI MALPENSATA,12345678901234567
03,000175,PAR.DI MARIANO DI DALMINE,12345678901234567
03,000176,PARROCCHIA DI MARTINENGO,12345678901234567
03,000186,PARROCCHIA DI MONTEROSSO,12345678901234567
03,000190,PARROCCHIA DI MOZZO,12345678901234567
03,000193,PARROCCHIA DI NEMBRO,12345678901234567
03,000195,PARROCCHIA DI NESE,12345678901234567
03,000203,PARROCCHIA DI ONORE,12345678901234567
03,000205,PARROCCHIA DI OSIO SOPRA,12345678901234567
03,000206,PARROCCHIA DI OSIO SOTTO,12345678901234567
03,000219,PARROCCHIA DI PEDRENGO,12345678901234567
03,000220,PARROCCHIA DI PEIA,12345678901234567
03,000227,PARROCCHIA DI PIGNOLO,12345678901234567
03,000229,PARROCCHIA DI PONTE NOSSA,12345678901234567
03,000230,PARROCC.DI PONTE S.PIETRO,12345678901234567
03,000235,PARROCCHIA DI RANICA,12345678901234567
03,000236,PARROCCHIA DI REDONA,12345678901234567
03,000244,PARROCCH.ROMANO LOMBARDO,12345678901234567
03,000252,PARROCCHIA S.ALESSANDRO,12345678901234567
03,000278,PARROCCHIA DI SABBIO,12345678901234567
03,000284,PARROCCHIA DI SARNICO,12345678901234567
03,000287,PARROCCHIA SCANZOROSCIATE,12345678901234567
03,000291,PARROCCHIA DI SERIATE,12345678901234567
03,000295,PARR.SFORZATICA S.ANDREA,12345678901234567
03,000303,PARROCCHIA DI SPIRANO,12345678901234567
03,000305,PARROCCHIA DI TAVERNOLA,12345678901234567
03,000306,PARROCCHIA TERNO DISOLA,12345678901234567
03,000308,PARROCCHIA TORRE BOLDONE,12345678901234567
03,000320,PARROCCHIA DI URGNANO,12345678901234567
03,000333,PARROCCHIA DI VERDELLO,12345678901234567
03,000340,PARROCCHIA VILLA DI SERIO,12345678901234567
03,000343,PARR.VILLONGO S.FILASTRO,12345678901234567
03,000346,PARROCCHIA DI ZANICA,12345678901234567
03,000393,GRUPPO RIVA DI SOLTO,12345678901234567
03,000394,GRUPPO VALBONDIONE,12345678901234567
03,000395,GRUPPO ALBERGO POPOLARE,12345678901234567
03,0003PA,RROCCHIA DI SORISOLE,12345678901234567
03,000400,GRUPPO SCHILPARIO,12345678901234567
03,000406,GRUPPO CASAZZA,12345678901234567
03,000407,GRUPPO CASNIGO,12345678901234567
03,000408,GRUPPO VILLAGGIO SPOSI,12345678901234567
03,000513,GRUPPO TRESCORE BALNEARIO,12345678901234567
03,000514,GRUPPO VILLA ALME,12345678901234567
03,000515,GRUPPO ZANDOBBIO,12345678901234567
03,000518,GRUPPO DI STEZZANO,12345678901234567
03,000540,PARR.DI MORNICO AL SERIO,12345678901234567
03,000548,PARROCCHIA DI GANDINO,12345678901234567
03,000555,GRUPPO DI VERTOVA,12345678901234567
03,000634,GRUPPO DI CENE,12345678901234567
03,000652,GRUPPO DI ALBINO,12345678901234567
03,000679,GRUPPO DI ZINGONIA,12345678901234567
04,000004,BOLLATE,12345678901234567
04,000016,GRUPPO DI ARESE,12345678901234567
04,000022,GRUPPO DI BARANZATE,12345678901234567
04,000071,GRUPPO DI CASSINA NUOVA,12345678901234567
04,000129,GRUPPO DI GARBAGNATE MIL.,12345678901234567
04,000198,GRUPPO NOVATE MILANESE,12345678901234567
04,000209,GRUPPO DI OSPIATE,12345678901234567
04,000289,GRUPPO DI SENAGO,12345678901234567
04,000523,GRUPPO DI NOVA MILANESE 2,12345678901234567
05,000005,BRESCIA,12345678901234567
05,000050,"""IL CARDO""",12345678901234567
05,000053,GRUPPO DI CAPRIOLO,12345678901234567
05,000075,GRUPPO DI PARATICO ROVATO,12345678901234567
05,000082,GRUPPO DI CELLATICA,12345678901234567
05,000089,GRUPPO DI CHIARI,12345678901234567
05,000124,GRUPPO DI EDOLO,12345678901234567
05,000135,GRUPPO DI GHEDI,12345678901234567
05,000148,GRUPPO DISEO,12345678901234567
05,000192,GRUPPO NAVE,12345678901234567
05,000215,GRUPPO PALAZZOLO S/OGLIO,12345678901234567
05,000231,GRUPPO DI PONTEDILEGNO,12345678901234567
05,000232,GRUPPO DI PONTOGLIO,12345678901234567
05,000281,GRUPPO SAN POLO,12345678901234567
05,000282,GRUPPO REZZATO,12345678901234567
05,000283,GRUPPO DI SAREZZO,12345678901234567
05,000312,GRUPPO DI LODRINO,12345678901234567
05,000337,GRUPPO DI VEROLAVECCHIA,12345678901234567
05,000514,GRUPPO DI PALOSCO,12345678901234567
05,000515,GRUPPO DI MARONE,12345678901234567
05,000516,GRUPPO DI CASA INDUSTRIA,12345678901234567
05,000530,GRUPPO DI VAL SABBIA,12345678901234567
05,000531,GRUPPO GARDA,12345678901234567
05,000539,GRUPPO SERLE,12345678901234567
05,000546,GRUPPO CASTREZZATO,12345678901234567
05,000554,GRUPPO BAGNOLO MELLA,12345678901234567
05,000647,GRUPPO DI CALVISANO,12345678901234567
05,000648,GRUPPO DI LODRINO,12345678901234567
05,000651,GRUPPO DI RUDIANO,12345678901234567
05,000654,MOLINETTO,12345678901234567
05,000666,VILLA CARCINA,20000905161218230
05,000667,GRUPPO SALESIANI,20010610154644320
05,000680,VILLAGGIO PREALPINO,19991001082457720
05,000699,GRUPPO DI LOGRATO,20010725104101850
06,000006,CREMA,12345678901234567
07,000007,CERNUSCO S/N,12345678901234567
07,000028,GR.DI BELLINZAGO LOMBARDO,12345678901234567
07,000062,GRUPPO DI CARUGATE,12345678901234567
07,000072,GRUPPO CASSINA DE PECCHI,12345678901234567
07,000099,GRUPPO DI COLOGNO MONZESE,12345678901234567
07,000134,GRUPPO DI GESSATE,12345678901234567
07,000138,GRUPPO DI GORGONZOLA,12345678901234567
07,000147,GRUPPO DI INZAGO,12345678901234567
07,000162,GRUPPO DI LISCATE,12345678901234567
07,000180,GRUPPO DI MELZO,12345678901234567
07,000226,GRUP.PESSANO CON BORNAGO,12345678901234567
07,000228,GRUPPO DI PIOLTELLO,12345678901234567
07,000233,GR.DI POZZUOLO MARTESANA,12345678901234567
07,000345,GRUPPO DI VIMODRONE,12345678901234567
07,000562,GRUPPO DI VIGNATE,12345678901234567
08,000004,GRUPPO DI ALBATE,12345678901234567
08,000008,COMO,12345678901234567
08,000026,GRUPPO DI BELLAGIO,12345678901234567
08,000083,GRUPPO DI CERNOBBIO,12345678901234567
08,000103,GRUPPO DI CAPIAGO,12345678901234567
08,000157,GRUPPO DI LENNO,12345678901234567
08,000247,GRUPPO DI ROVELLASCA,12345678901234567
08,000263,GRUPPO DI SAN FERMO,12345678901234567
08,000413,GRUPPO DI CADORAGO,12345678901234567
08,000509,GRUPPO DI MACCIO,12345678901234567
08,000650,GRUPPO DI GRAVEDONA,12345678901234567
08,000656,GRANDOLA E UNITI,20020910151301689
08,000657,OLGIATE COMASCO,20020910152055236
09,000009,CREMONA,12345678901234567
09,000055,PARROCCHIA B.V.CARAVAGGIO,12345678901234567
09,000063,GRUPPO DI CASALBUTTANO,12345678901234567
09,000064,GRUPPO DI CASALMAGGIORE,12345678901234567
09,000077,GRUPPO DI CASTELLEONE,12345678901234567
09,000109,GRUPPO CORTE DEFRATI,12345678901234567
09,000114,PARROCCHIA DI CRISTO RE,12345678901234567
09,000123,PARROCCHIA DUOMO,12345678901234567
09,000149,GRUPPO DISOLA DOVARESE,12345678901234567
09,000222,GRUPPO PERISO DOSIMO,12345678901234567
09,000225,GRUPPO DI PESCAROLO,12345678901234567
09,000240,GRUPPO DI RIVAROLO DEL RE,12345678901234567
09,000243,GRUPPO DI ROBECCO OGLIO,12345678901234567
09,000250,PARROCCHIA S.ABBONDIO,12345678901234567
09,000268,PARROCCHIA S.MARIA PIETA,12345678901234567
09,000309,GRUPPO DI TORRE PICENARDI,12345678901234567
09,000384,GRUPPO DI SOSPIRO,12345678901234567
09,000396,GRUPPO PIZZIGHETTONE,12345678901234567
09,000397,GRUPPO DI VESCOVATO,12345678901234567
09,000398,PARROCCHIA BOZZOLO,12345678901234567
09,000399,GRUPPO PIADENA,12345678901234567
09,000403,GRUPPO RIVAROLO MANTOVANO,12345678901234567
09,000409,GRUPPO MOTTA BALUFFI,12345678901234567
09,000410,GRUPPO S.BASSANO,12345678901234567
09,000411,GRUPPO CINGIA DE BOTTI,12345678901234567
09,000524,GRUPPO DI GADESCO P.D.,12345678901234567
09,000551,GRUPPO DI VIADANA,12345678901234567
09,000624,GRUPPO DI CASALMORANO,12345678901234567
09,000637,GRUPPO DI POMPONESCO,20000511145959390
09,000640,PARROCCHIA DI ANTEGNATE,20000615160200590
09,000682,BOSCHETTO,20001221161345670
09,000683,CASSANO DADDA,20001221161353850
09,000684,CASTELVERDE,20001221161402370
09,000685,CICOGNOLO,20001221161508720
09,000686,RIVOLTA DADDA,20001221161414510
09,000687,SORESINA,20001221161419610
09,000688,GRUPPO BERGAMASCO,20001221161427800
10,000010,GALLARATE,12345678901234567
10,000293,GRUPPO DI SESTO CALENDE,12345678901234567
10,000631,LONATE POZZOLO,12345678901234567
11,000011,LECCO,12345678901234567
11,000018,GRUPPO DI ARQUATE,12345678901234567
11,000027,GRUPPO DI BELLANO,12345678901234567
11,000056,GRUPPO DI CARENNO,12345678901234567
11,000110,GRUPPO DI CORTENOVA,12345678901234567
03,000547,GRUPPO DI VALBREMBO,12345678901234567
11,000119,GRUPPO DI DERVIO,12345678901234567
11,000145,GRUPPO DI INTROZZO,12345678901234567
11,000159,GRUPPO DI LEZZENO,12345678901234567
11,000223,GRUPPO DI PERLASCO,12345678901234567
11,000234,GRUPPO DI PREMANA,12345678901234567
11,000304,GRUPPO DI SUEGLIO,12345678901234567
11,000325,GRUPPO DI VARENNO,12345678901234567
11,000329,GRUPPO DI VENDROGNO,12345678901234567
12,000002,GRUPPO DI OLGIATE OLONA,19991004103001810
12,000012,LEGNANO,20000612180441710
12,000043,GRUPPO DI BUSTO ARSIZIO,12345678901234567
12,000044,GRUPPO DI BUSTO GAROLFO,12345678901234567
12,000047,GRUPPO DI CAIRATE,12345678901234567
12,000050,GRUPPO DI CAMNAGO,12345678901234567
12,000074,GRUPPO DI CASTANO PRIMO,12345678901234567
12,000086,GRUPPO DI CERRO MAGGIORE,12345678901234567
12,000139,GRUPPO DI GORLA MAGGIORE,12345678901234567
12,000140,GRUPPO DI GORLA MINORE,12345678901234567
12,000194,GRUPPO DI NERVIANO,12345678901234567
12,000216,GRUPPO DI PARABIAGO,12345678901234567
12,000238,GRUPPO DI RESCALDINA,12345678901234567
12,000266,GR.S.GIORGIO SU LEGNANO,12345678901234567
12,000318,GRUPPO DI TURBIGO,12345678901234567
12,000322,GRUPPO DI VANZAGHELLO,12345678901234567
12,000330,GRUPPO VENEGONO INFERIORE,12345678901234567
12,000331,GRUPPO VENEGONO SUPERIORE,12345678901234567
12,000342,GRUPPO DI VILLASTANZA,12345678901234567
12,000385,GRUPPO DI OSSONA,12345678901234567
12,000635,S.REDENTORE,12345678901234567
12,001212,GRUPPO DI ARCONATE,20000612180508240
12,004301,BUSTO ARSIZIO GR.1,12345678901234567
12,004302,BUSTO ARSIZIO GR.2,12345678901234567
12,004303,BUSTO ARSIZIO GR.3,12345678901234567
12,004304,BUSTO ARSIZIO GR.4,12345678901234567
12,004305,BUSTO ARSIZIO GR.5,12345678901234567
12,004306,"BUSTO ARSIZIO GR,6",12345678901234567
12,004307,BUSTO ARSIZIO GR.7,12345678901234567
12,004308,BUSTO ARSIZIO GR.8,12345678901234567
12,004309,BUSTO ARSIZIO GR.9,12345678901234567
12,004310,BUSTO ARSIZIO GR.10,12345678901234567
12,004311,BUSTO ARSIZIO GR.11,12345678901234567
12,004312,BUSTO ARSIZIO GR.12,12345678901234567
12,004313,BUSTO ARSIZIO GR.13,12345678901234567
12,004314,BUSTO ARSIZIO GR.14,12345678901234567
12,004315,BUSTO ARSIZIO GR.15,12345678901234567
12,004316,BUSTO ARSIZIO GR.16,12345678901234567
12,004317,BUSTO ARSIZIO GR.17,12345678901234567
12,004318,BUSTO ARSIZIO GR.18,12345678901234567
12,004319,BUSTO ARSIZIO GR.19,12345678901234567
12,004320,BUSTO ARSIZIO GR.20,12345678901234567
12,004321,BUSTO ARSIZIO GR.21,12345678901234567
12,004322,BUSTO ARSIZIO GR.22,12345678901234567
12,004323,BUSTO ARSIZIO GR.23,12345678901234567
12,004324,BUSTO ARSIZIO GR.24,12345678901234567
12,004325,BUSTO ARSIZIO GR.25,12345678901234567
12,004326,BUSTO ARSIZIO GR.26,12345678901234567
12,004327,BUSTO ARSIZIO GR.27,12345678901234567
12,004328,BUSTO ARSIZIO GR.28,12345678901234567
12,004329,BUSTO ARSIZIO GR.29,12345678901234567
12,004330,BUSTO ARSIZIO GR.30,12345678901234567
12,004331,BUSTO ARSIZIO GR.31,12345678901234567
12,004332,BUSTO ARSIZIO GR.32,12345678901234567
12,004333,BUSTO ARSIZIO GR.33,12345678901234567
12,004334,BUSTO ARSIZIO GR.34,12345678901234567
12,004335,BUSTO ARSIZIO GR.35,12345678901234567
13,000013,LODI,12345678901234567
13,000025,ABBONATI CON C/C POSTALE,12345678901234567
13,000026,ABBONAM.PROMOZ.IN TRENO,12345678901234567
13,000065,GRUPPO CASALPUSTERLENGO,12345678901234567
13,000097,GRUPPO DI CODOGNO,12345678901234567
13,000108,GRUPPO DI CORNO GIOVINE,12345678901234567
13,000127,GRUPPO DI FOMBIO,12345678901234567
13,000179,GRUPPO DI MELEGNANO,12345678901234567
13,000182,GRUPPO DI MERLINO,12345678901234567
13,000217,GRUPPO DI PAULLO,12345678901234567
13,000254,GRUPPO S.ANGELO LODIGIANO,12345678901234567
13,000255,PARROCCHIA S.BERNARDO,12345678901234567
13,000257,PARROCCHIA S.CABRINI,12345678901234567
13,000259,GRUPPO DI SAN COLOMBANO,12345678901234567
13,000262,PARROCCHIA SAN FERCOLO,12345678901234567
13,000267,PARROCCHIA SAN LORENZO,12345678901234567
13,000270,PARROCCHIA SAN ROCCO,12345678901234567
13,000272,PARROCCHIA S.SALVATORE,12345678901234567
13,000273,PARROCCHIA S.STEFANO LOD.,12345678901234567
13,000275,PARROCCH.S.M.AUSILIATRICE,12345678901234567
13,000276,PARROCCHIA S.M.MADDALENA,12345678901234567
13,000277,PARROCCHIA S.M.DEL SOLE,12345678901234567
13,000279,GRUPPO SALERANO AL LAMBRO,12345678901234567
13,000302,GRUPPO DI SPINO DADDA,12345678901234567
13,000374,PARROCCHIA DUOMO,12345678901234567
13,000501,GRUPPO DI DRESANO,12345678901234567
13,000516,GRUPPO DI FIESCO,12345678901234567
13,000626,GRUPPO DI MALEO,12345678901234567
13,000637,GRUPPO DI BREMBIO,12345678901234567
13,000639,CASTELNUOVO BOCCA DADDA,12345678901234567
13,000643,CASTELNUOVO BOCCA DADDA,12345678901234567
13,000648,LODIVECCHIO,12345678901234567
13,000686,GRUPPO DI TAVAZZANO,20000606145640720
13,000687,ORIO LITTA,20030724091713249
13,626,  GRUPPO DI MALEO,12345678901234567
13,637,  GRUPPO DI BREMBIO,12345678901234567
14,000014,MERATE,12345678901234567
14,000048,GRUPPO DI CALCO,12345678901234567
14,000084,GRUPPO CERNUSCO LOMBARDO,12345678901234567
14,000187,GRUPPO DI MONTEVECCHIA,12345678901234567
14,000197,GRUPPO DI NOVATE,12345678901234567
14,000199,GR.OLGIATE MOLGORA,12345678901234567
14,000207,GRUPPO DI OSNAGO,12345678901234567
14,000212,GRUPPO DI PADERNO DADDA,12345678901234567
14,000213,GRUPPO DI PAGNANO,12345678901234567
14,000221,GRUPPO PEREGO,12345678901234567
14,000242,GRUPPO DI ROBBIATE,12345678901234567
14,000245,GRUPPO RONCO BRIANTINO,12345678901234567
14,000246,GRUPPO DI ROVAGNATE,12345678901234567
14,000274,GRUPPO DI SAN ZENO,12345678901234567
14,000334,GRUPPO VERDERIO INFERIORE,12345678901234567
14,000335,GRUPPO VERDERIO SUPERIORE,12345678901234567
14,000378,PARROCCHIA DI LOMAGNA,12345678901234567
14,000379,PARR.DI USMATE VELATE,12345678901234567
14,000380,PARROCCHIA VALAPERTA,12345678901234567
14,000381,PARR.DI CISANO BERGAMASCO,12345678901234567
14,000382,PARROCCHIA DI SARTIRANA,12345678901234567
14,000383,PARROCCHIA DI IMBERSAGO,12345678901234567
14,000391,GRUPPO DI BRIVIO,12345678901234567
14,000392,GRUPPO S.MARIA HOE,12345678901234567
14,000404,GRUPPO DI BARZAGO,12345678901234567
14,000405,GRUPPO DI VILLA DADDA,12345678901234567
14,000510,GRUPPO DI ROVELLASCA,12345678901234567
14,000511,GRUPPO DI CARNATE,12345678901234567
14,000545,GRUPPO DI BERNAREGGIO,12345678901234567
14,000549,GRUPPO DI VILLA RAVERIO,12345678901234567
14,000627,GRUPPO DI PAGNANO,12345678901234567
14,000629,GRUPPO DI SIRTORI,12345678901234567
14,429,  GRUPPO DI BIASSONO,12345678901234567
15,000002,GRUPPO ABBIATEGRASSO,12345678901234567
15,000015,MILANO,12345678901234567
15,000023,GRUPPO DI BAREGGIO,12345678901234567
15,000106,GRUPPO DI CORNAREDO,12345678901234567
15,000116,GRUPPO DI CUSANO MILANINO,12345678901234567
15,000121,GRUPPO DI PADERNO DUGNANO,20010305113500140
15,000128,GRUPPO DI GAGGIANO,12345678901234567
15,000171,GRUPPO DI MAGENTA,12345678901234567
15,000183,GRUPPO DI MILANINO,12345678901234567
15,000211,PARR.S.STEFANO IN SEGRATE,20010621165515880
15,000239,GRUPPO DI RHO,12345678901234567
15,000288,GRUPPO DI SEGRATE,12345678901234567
15,000296,GRUPPO DI SIZIANO,12345678901234567
15,000323,GRUPPO DI VAPRIO DADDA,12345678901234567
15,000324,GRUPPO DI VAREDO,12345678901234567
15,000347,GRUPPO ACHILLI,12345678901234567
15,000348,GRUPPO ACLI,12345678901234567
15,000349,PARROCCHIA ANNUNCIAZIONE,12345678901234567
15,000350,GRUPPO DI BRUSUGLIO,12345678901234567
15,000351,GRUPPO GHIRELLI,12345678901234567
15,000352,GRUPPO PECORI GIRALDI,12345678901234567
15,000353,GRUPPO DEI SALESIANI,12345678901234567
15,000354,PARROCCHIA S.BERNADETTA,12345678901234567
15,000355,PARROCCHIA S.GIOACHIMO,12345678901234567
15,000356,PAR.S.GIUSEPPE CALASANZIO,12345678901234567
15,000357,PARR.S.GIUSTINA IN AFFORI,12345678901234567
15,000358,PARROCCHIA S.ILDEFONSO,12345678901234567
15,000359,PARR.S.LUCA EVANGELISTA,12345678901234567
15,000360,PAR.S.MARIA DELLE GRAZIE,12345678901234567
15,000361,PAR.S.MARIA DI CARAVAGGIO,12345678901234567
15,000362,PARR.S.MARIA DI LOURDES,12345678901234567
15,000363,PAR.S.MICHELE ARCANGELO,12345678901234567
15,000364,PARR.S.NICOLA IN DERGANO,12345678901234567
15,000365,PARROCCHIA SAN PAOLO,12345678901234567
15,000366,PAR.S.SILVESTRO AL RONCH.,12345678901234567
15,000367,PARROCCHIA SS.REDENTORE,12345678901234567
15,000368,PARROCCHIA SS.TRINITA,12345678901234567
15,000369,CAPRIATE S.GERVASIO,12345678901234567
15,000370,PARROCCHIA SANTO SPIRITO,12345678901234567
15,000371,GRUPPO VERGA,12345678901234567
15,000372,GRUPPO DI VIALBA,12345678901234567
15,000373,GRUPPO VITTUONE,12345678901234567
15,000384,PAR.S.MARTINO DI NIGUARDA,12345678901234567
15,000387,SS.GIOVANNI E PAOLO,12345678901234567
15,000388,S.FILIPPO NERI,12345678901234567
15,000389,PARROCCHIA CORPUS DOMINI,12345678901234567
15,000390,GRUPPO A.I.A.S.,12345678901234567
15,000401,GRUPPO MOTTELLA S.GIORGIO,12345678901234567
15,000412,GRUPPO MASCOLO,12345678901234567
15,000525,GRUPPO ACLI/PEREGO,20020327160636809
15,000526,GRUPPO ACLI/BREMBIO,12345678901234567
15,000527,GRUPPO ACLI/CASTELLEONE,12345678901234567
15,000528,GRUPPO ACLI/PEREGO,12345678901234567
15,000550,GRUPPO PANTIGLIATE,12345678901234567
15,000552,PARROCCHIA S.LUCIA,12345678901234567
15,000559,PESCHIERA BORROMEO,12345678901234567
15,000560,GRUPPO DI SEGURO,12345678901234567
15,000563,S.GIOVANNI BONO,12345678901234567
15,000564,PIOLTELLO,12345678901234567
15,000565,PARROCCHIA DI S.PIO V,12345678901234567
15,000601,DECANATO AFFORI,12345678901234567
15,000602,DECANATO BAGGIO,12345678901234567
15,000603,DECANATO BARONA,12345678901234567
15,000604,DECANATO CAGNOLA,12345678901234567
15,000605,"DECANATO CENTRO ""A""",12345678901234567
15,000606,DECANATO CITTA STUDI,20020108141235400
15,000607,DECANATO FORLANINI,20020108141300170
15,000608,DECANATO GALLARATESE,20020108141352080
15,000609,DECANATO GIAMBELLINO,20020108141409600
15,000610,DECANATO GRATOSOGLIO,20020108141438000
15,000611,DECANATO LAMBRATE,20020108141510510
15,000612,DECANATO NIGUARDA,20020108141523690
15,000613,DECANATO QUARTO OGGIARO,20020108141536490
15,000614,DECANATO ROMANA VITTORIA,20020108141722440
15,000615,DECANATO SAN SIRO,20030207171420882
15,000616,DECANATO SEMPIONE,20020108141805670
15,000617,DECANATO TICINESE,20020108141818960
15,000618,DECANATO TURRO,20020108141832750
15,000619,DECANATO VENEZIA,20030207171403718
15,000620,DECANATO VERCELLINA,20020108141321700
15,000621,DECANATO VIGENTINO,20020108141904600
15,000622,DECANATO ZARA,20020108141929650
15,000623,DE,20020108141921190
15,000630,GRUPPO LANDILLO VITO,12345678901234567
15,000631,GRUPPO AMORE E VITA,12345678901234567
15,000633,PARROCCHIA S.AMBROGIO,12345678901234567
15,000636,SACRO VOLTO,12345678901234567
15,000655,PAR. S. MARIA AUSILIATRICE,19990527104823450
15,000656,GRUPPO DI VIALBA,20020124153925712
15,000666,GRUPPO ENI,20030331140305415
15,000858,PESCHIERA BORROMEO,20020327160639193
16,000016,MANTOVA,12345678901234567
16,000019,PARROCCHIA BAGNOLO S.VITO,12345678901234567
16,000021,PARROCCHIA BANCOLE,12345678901234567
16,000051,PARROCCH.CANNETO S/OGLIO,12345678901234567
16,000078,PARR.CASTIGLIONE STIVIERE,12345678901234567
16,000143,PARROCCHIA DI GROLE,12345678901234567
16,000256,PARROCCHIA SAN BIAGIO,12345678901234567
16,000269,PARROCCHIA SAN PIO X,12345678901234567
16,000315,PARR.TRIPOLI DI S.GIORGIO,12345678901234567
16,000402,GRUPPO CESOLE,20020327160805717
16,000414,GRUPPO CASA DEL SOLE,12345678901234567
16,000415,GR.CORREGGIO MICHELI,12345678901234567
16,000416,GRUPPO DI GOITO,12345678901234567
16,000417,GRUPPO DI LEVATA,12345678901234567
16,000418,GRUPPO DI OSTIGLIA,12345678901234567
16,000419,GRUPPO    POLESINE,12345678901234567
16,000420,GRUPPO RONCOFERRARO,12345678901234567
16,000421,PARROCCHIA SAN GIACOMO,12345678901234567
16,000422,GRUPPO DI SUSTINENTE,12345678901234567
16,000423,GRUPPO DI VILLIMPENTA,12345678901234567
16,000424,GRUPPO VOLTA MANTOVANA,12345678901234567
16,000425,PARROCCHIA SAN BARNABA,12345678901234567
16,000426,PARROCCHIA SAN EGIDIO,12345678901234567
16,000427,PARR.S.MARIA DEL GRADARO,12345678901234567
16,000428,PARROCCHIA SAN PIETRO,12345678901234567
16,000535,GRUPPO DI CARBONARA PO,12345678901234567
16,000645,GONZAGA,12345678901234567
16,000646,ACQUANEGRA S/CHIESE,12345678901234567
16,000653,PONTI SUL MINCIO,12345678901234567
16,000800,DA SISTEMARE,20030521145405421
17,000003,AGRATE,12345678901234567
17,000013,ARCORE,12345678901234567
17,000017,MONZA,12345678901234567
17,000020,BALSAMO,12345678901234567
17,000031,BIASSONO,12345678901234567
17,000040,BRUGHERIO,12345678901234567
17,000042,BUSNAGO,12345678901234567
17,000054,CARATE BRIANZA,12345678901234567
17,000059,CARNATE,12345678901234567
17,000080,CEDERNA,12345678901234567
17,000092,CINISELLO BALSAMO,12345678901234567
17,000102,CONCOREZZO,12345678901234567
17,000107,CORNATE,12345678901234567
17,000113,CRISTO RE,12345678901234567
17,000120,DESIO,12345678901234567
17,000122,DUOMO,12345678901234567
17,000137,GIUSSANO,12345678901234567
17,000163,LISSONE,12345678901234567
17,004002,REGIONE LOMBARDIA,20041105172112984
17,000170,MACHERIO,12345678901234567
17,000191,MUGGIO,12345678901234567
17,000196,NOVA MILANESE,12345678901234567
17,000661,CORREZZANA,20041105172101093
17,000317,LESMO,20041105172015265
17,000214,PAINA,12345678901234567
17,000237,REGINA PACIS,12345678901234567
17,000241,ROBBIANO,12345678901234567
17,000251,SANT ALBINO,12345678901234567
17,000258,SAN CARLO,12345678901234567
17,000261,SAN DONATO,12345678901234567
17,000264,PARROCCHIA SAN FRUTTUOSO,12345678901234567
17,000265,PARROCCHIA DI SAN GERARDO,12345678901234567
17,000271,PARROCCHIA SAN ROCCO,12345678901234567
17,000280,PARROCCHIA DI SAN BIAGIO,12345678901234567
17,000290,GRUPPO DI SEREGNO,12345678901234567
17,000292,GRUPPO DI SESTO,12345678901234567
17,000301,GRUPPO DI SOVICO,12345678901234567
17,000314,GRUPPO DI TREZZO DADDA,12345678901234567
17,000326,GRUPPO DI VEDANO,12345678901234567
17,000341,GRUPPO DI VILLASANTA,12345678901234567
17,000344,GRUPPO DI VIMERCATE,12345678901234567
17,000377,GRUPPO DI VERANO,12345678901234567
17,000534,GRUPPO S.AMBROGIO,12345678901234567
17,000539,GRUPPO S.ALESSANDRO,12345678901234567
17,000625,GRUPPO DI BAREGGIA,12345678901234567
17,000660,GRUPPO DI BRIOSCO,20010604100352200
18,000018,PAVIA,12345678901234567
18,000025,VICARIATO N.2,12345678901234567
18,000218,VICARIATO N.1,12345678901234567
18,000338,VICARIATO N.4,12345678901234567
18,000536,VICARIATO N.5,12345678901234567
18,000538,VICARIATO N.3,12345678901234567
19,000010,GR.APPIANO GENTILE,12345678901234567
19,000019,SARONNO,12345678901234567
19,000046,COMITATO DI CACCIVIO,12345678901234567
19,000061,COMITATO DI CARONNO,12345678901234567
19,000073,GRUP.CAST.BOZZ.CON B.E F.,12345678901234567
19,000093,COMITATO DI CIRIMIDO,12345678901234567
19,000094,COMITATO DI CISLAGO,12345678901234567
19,000098,COMITATO DI COGLIATE,12345678901234567
19,000133,COMITATO DI GERENZANO,12345678901234567
19,000144,COMITATO DI GUANZATE,12345678901234567
19,000153,COMITATO DI LAZZATE,12345678901234567
19,000161,COMITAT.DI LIMIDO COMASCO,12345678901234567
19,000169,COMITATO DI LURATE,12345678901234567
19,000201,COMITATO DI OLTRONA,12345678901234567
19,000204,COMITATO DI ORIGGIO,12345678901234567
19,000224,COMITATO DI PERTUSELLA,12345678901234567
19,000248,COMITATO DI ROVELLO,12345678901234567
19,000317,COMITATO DI TURATE,12345678901234567
19,000319,COMITATO DI UBOLDO,12345678901234567
19,000332,COMITATO DI VENIANO,12345678901234567
19,000628,BULGARO GRASSO,12345678901234567
20,000005,GRUPPO DI ALBAVILLA,12345678901234567
20,000020,SEVESO,12345678901234567
20,000024,GRUPPO DI BARLASSINA,12345678901234567
20,000032,GRUPPO DI BINZAGO,12345678901234567
20,000039,GRUPPO DI BOVISIO,12345678901234567
20,000045,GRUPPO DI CABIATE,12345678901234567
20,000052,GRUPPO DI CANTU,12345678901234567
20,000104,GRUPPO DI COPRENO,12345678901234567
20,000146,GRUPPO DI INVERIGO,12345678901234567
20,000150,GRUPPO DI CAMNAGO,20020704161726421
20,000158,GRUPPO LENTATE S/SEVESO,12345678901234567
20,000160,GRUPPO DI LIMBIATE,12345678901234567
20,000174,GRUPPO DI MARIANO COMENSE,12345678901234567
20,000178,GRUPPO DI MEDA,12345678901234567
20,000524,GRUPPO DI CARUGO,12345678901234567
20,000544,GRUPPO DI MORNATTA,12345678901234567
20,000556,S.GIORGIO LIMBIATE,12345678901234567
20,000561,GRUPPO DI CESANO MADERNO,12345678901234567
20,000661,COGLIATE,20020624164648876
21,000014,GRUPPO DI ARDENNO,12345678901234567
21,000021,SONDRIO,12345678901234567
21,000038,GRUPPO DI BORMIO,12345678901234567
21,000067,GRUPPO DI CASPOGGIO,12345678901234567
21,000090,GRUPPO DI CHIAVENNA,12345678901234567
21,000111,GRUP.DI COSIO VALTELLINO,12345678901234567
21,000118,GRUPPO DI DELEBIO,12345678901234567
21,000151,GRUPPO DI LANZADA,12345678901234567
21,000165,GRUPPO DI LIVIGNO,12345678901234567
21,000177,GRUP.DI MAZZO VALTELLINA,12345678901234567
21,000189,GRUPPO DI MORBEGNO,12345678901234567
21,000298,GRUPPO DI SONDALO,12345678901234567
21,000307,GRUPPO DI TIRANO,12345678901234567
21,000310,GRUPPO TORRE S.MARIA,12345678901234567
21,000321,GRUPPO DI VALDIDENTRO,12345678901234567
21,000375,GRUPPO DI PREMANA,12345678901234567
22,000007,PARROCCH.ALBIGNANO DADDA,12345678901234567
22,000022,TREVIGLIO,12345678901234567
22,000125,PARROCCHIA FARA DADDA,12345678901234567
22,000184,PARROCCH.DI MISANO DADDA,12345678901234567
22,000286,GRUPPO DI CARAVAGGIO,12345678901234567
22,000647,CAPRIATE S.GERVASIO,12345678901234567
23,000001,GR.ABBIATE GUAZZONE,12345678901234567
23,000023,VARESE,20000612180615460
23,000030,GRUPPO DI BESOZZO,12345678901234567
23,000058,GRUPPO DI CARNAGO,12345678901234567
23,000069,GRUPPO CASSANO MAGNAGO,12345678901234567
23,000130,GRUPPO DI GAVIRATE,12345678901234567
23,000131,GRUPPO DI GAZZADA,12345678901234567
23,000152,GRUPPO DI LAVENO,12345678901234567
23,000167,GRUPPO DI LUINO,12345678901234567
23,000172,GRUPPO DI MALNATE,12345678901234567
23,000297,GRUPPO DI SOMMA LOMBARDO,12345678901234567
23,000311,GRUPPO DI TRADATE,12345678901234567
23,000327,GRUPPO DI VEDANO OLONA,12345678901234567
23,000339,GRUPPO DI VIGGIU,12345678901234567
23,000376,GRUPPO VENEGONO INFERIORE,12345678901234567
23,000403,GRUPPO DI COMERIO,12345678901234567
23,000502,GR.CASA RIPOSO MOLINA,12345678901234567
23,000503,GRUPPO DI CASCIAGO,19990701152036860
23,000504,GRUPPO DI BEDERO,12345678901234567
23,000506,GRUPPO DI BESNATE,12345678901234567
23,000507,GRUPPO DI BARASSO,12345678901234567
23,000512,GRUPPO USSL 3,12345678901234567
23,000519,GRUPPO CLIVIO,12345678901234567
23,000520,GRUPPO DI INDUNO OLONA,12345678901234567
23,000521,GRUPPO DI CELLINA,12345678901234567
23,000522,GRUPPO SACRA FAMIGLIA,12345678901234567
23,000529,GRUPPO DI CITTIGLIO,12345678901234567
23,000532,GRUPPO DI PORTO CERESIO,12345678901234567
23,000542,GRUPPO DI MORAZZONE,12345678901234567
23,000543,GRUPPO DI COTTOLENGO,12345678901234567
23,000553,GRUPPO EMODIALIZZATI,12345678901234567
23,000650,GRUPPO DI GEMONIO,12345678901234567
24,000024,SEZIONE LOMBARDA,12345678901234567
25,000652,GRUPPO BUSTE DA LETTERA,12345678901234567
26,000888,ABBONATI IN TRENO,20030604162535866
27,000027,BUSTO ARSIZIO,12345678901234567
27,000076,CASTELLANZA,20020702153251883
27,000656,S.GIOVANNI,12345678901234567
27,000657,S.MICHELE,12345678901234567
27,000658,S.CUORE,12345678901234567
27,000659,S.GIUSEPPE,12345678901234567
27,000660,S.EDOARDO,12345678901234567
27,000661,S.ANNA,12345678901234567
27,000662,S.CROCE,12345678901234567
27,000663,SS.APOSTOLI,12345678901234567
27,000664,MADONNA REGINA,12345678901234567
27,000665,REDENTORE,12345678901234567
27,000666,BEATA GIULIANA,12345678901234567
27,000667,SACCONAGO,12345678901234567
27,000668,BORSANO,12345678901234567
27,000669,FAGNANO OLONA,19991209155908620
27,000670,OLGIATE OLONA,12345678901234567
27,000671,BIENATE,12345678901234567
27,000672,SOLBIATE OLONA,12345678901234567
27,000673,FERNO,12345678901234567
27,000674,LONATE,12345678901234567
27,000675,SAMARATE,12345678901234567
27,000676,MAGNAGO,12345678901234567
27,000677,MARNATE,12345678901234567
28,000017,GRUPPO DI ARLUNO,20021127175155087
28,000028,MAGENTA/RHO,12345678901234567
28,000638,GRUPPO BAREGGIO,12345678901234567
28,000639,GRUPPO DI CORNAREDO,12345678901234567
28,000640,GRUPPO DI MAGENTA,12345678901234567
28,000641,GRUPPO DI RHO,12345678901234567
28,000651,GRUPPO DI VITTUONE,12345678901234567
28,000682,GRUPPO DI ABBIATEGRASSO,20000307102725320
30,300001,SCANDIANO,19991007133713960
30,300002,FIDENZA,19991007133721650
30,300003,SASSUOLO,19991007133729230
30,300004,CAST.SOTTO POVIGLIO,19991007133801200
30,300005,MODENA,19991007133807680
30,300006,REGGIO EMILIA,19991007133815260
30,300007,PARMA,19991007133832060
31,310001,EMPOLI,19991007133919520
31,310002,FIRENZE,19991007133924680
31,310003,MONTEVARCHI,19991007133930890
31,310004,MASSA CARRARA,19991007134024940
31,310005,VIAREGGIO,19991007133949070
31,310006,SIENA,19991007133952910
31,310007,GROSSETO,19991007134000380
31,310008,LADISPOLI,19991007134007250
31,310009,ROMA,19991007134011370
31,310010,AREZZO,19991007134018240
31,310011,LIVORNO,19991007134035040
31,310012,PONTEDERA,19991007134100970
32,320001,CHIETI,19991007134652050
32,320002,ISERNIA,19991007134705340
33,330001,NAPOLI,19991007134202540
33,330002,SALERNO,19991007134209840
33,330003,SCAFATI,19991007134218030
33,330004,EBOLI,19991007134229730
33,330005,SAPRI,19991007134235330
33,330006,POTENZA,19991007134242690
33,330007,BENEVENTO,19991007134248510
33,330008,CAPUA,19991007134256480
33,330009,CASERTA,19991007134301360
33,330010,PIEDIMONTE,20000229113800130
33,330011,AVELLINO,19991007134316630
33,330012,BATTIPAGLIA,19991007134322840
33,330013,NOCERA,19991007134328550
33,330014,CASORIA,19991007134332340
33,330015,CAVA DEI TIRRENI,20000221141959420
33,330016,CASTELLAMMARE,20000301161140440
34,340001,FOGGIA,19991007134400240
34,340002,S.SEVERO,19991007134404580
34,340003,GALATINA,19991007134412220
34,340004,LECCE,19991007134417380
34,340005,MAGLIE,20000202160225360
35,350001,RAGUSA,19991007134439900
35,350002,SCICLI,19991007134448190
35,350003,SIRACUSA,19991007134453690
35,350004,REGGIO CALABRIA,19991007134500770
36,360001,SASSARI,20000202101423730
36,360002,CAGLIARI,20000202101450040
36,360003,TEMPIO PAUSANIA,20000202101514050
37,000037,PRATO,20000303160054740
11,100129,NICO,20030917160948403
17,000662,BESANA BRIANZA                ,20101026121314298
